{
  "ODE_129_1step": {
    "plddt": {
      "mean": 67.44176287885112,
      "std": 22.806429932482263,
      "median": 75.5,
      "per_sample_mean": 66.67511646884944,
      "very_high": 15.788594806712867,
      "high": 41.07372463889121,
      "low": 28.407781581364283
    },
    "geometry": {
      "planarity_mean": 0.11939028650522232,
      "planarity_std": 0.056229401379823685,
      "very_planar": 9.03010033444816,
      "planar": 39.576365663322186,
      "bond_length_mean": 1.1572329998016357,
      "bond_length_deviation": 0.35901957750320435
    },
    "clashes": {
      "mean": 7.911111111111111,
      "std": 10.639177541776059,
      "no_clash": 28.888888888888886
    }
  },
  "ODE_129_10step": {
    "plddt": {
      "mean": 66.69662360235989,
      "std": 22.478550976549116,
      "median": 74.02,
      "per_sample_mean": 65.68658353747382,
      "very_high": 13.846873798739825,
      "high": 41.355105042367924,
      "low": 28.6731402403356
    },
    "geometry": {
      "planarity_mean": 0.019257256761193275,
      "planarity_std": 0.014413982629776001,
      "very_planar": 96.27906976744185,
      "planar": 99.65116279069768,
      "bond_length_mean": 1.392428994178772,
      "bond_length_deviation": 0.04941661283373833
    },
    "clashes": {
      "mean": 11.866666666666667,
      "std": 12.41253846363068,
      "no_clash": 8.88888888888889
    }
  },
  "ODE_129_100step": {
    "plddt": {
      "mean": 66.22245619315142,
      "std": 22.98983121277393,
      "median": 74.19,
      "per_sample_mean": 65.38179613133265,
      "very_high": 14.131888710540396,
      "high": 41.01123595505618,
      "low": 29.489365971107546
    },
    "geometry": {
      "planarity_mean": 0.01677374541759491,
      "planarity_std": 0.014591556042432785,
      "very_planar": 97.23183391003461,
      "planar": 99.4232987312572,
      "bond_length_mean": 1.4078540802001953,
      "bond_length_deviation": 0.04038485884666443
    },
    "clashes": {
      "mean": 12.622222222222222,
      "std": 14.42419092880489,
      "no_clash": 8.88888888888889
    }
  }
}